,ALAND,AWATER,CD113FP,CDSESSN,FUNCSTAT,GEOID,INTPTLAT,INTPTLON,LSAD,MTFCC,NAMELSAD,STATEFP,AREA,PERIMETER,COMPACTNESS
0,14227693111,414257512,01,113,N,3701,+36.1119104,-077.5009008,C2,G5200,Congressional District 1,37,1.4653699031615413,21.475018909980818,0.03993
1,20229273757,10851171398,03,113,N,3703,+35.4057865,-076.6296737,C2,G5200,Congressional District 3,37,3.084325009288192,19.44122685769174,0.10255
2,1730858364,86473790,04,113,N,2504,+41.9971989,-071.2275271,C2,G5200,Congressional District 4,25,0.19745646127693045,3.843368972521979,0.16798
3,3146229191,5152011870,09,113,N,2509,+41.6948531,-070.4851689,C2,G5200,Congressional District 9,25,0.8975083989160006,6.37423021837183,0.27758
4,845313811,447648415,08,113,N,2508,+42.1947343,-070.9440053,C2,G5200,Congressional District 8,25,0.14092299258105773,3.6041339297922317,0.13633
5,479388902,21677941,11,113,N,5111,+38.7912640,-077.2942679,C2,G5200,Congressional District 11,51,0.05195031929992718,2.6636119655762722,0.09201
6,98685953201,435877019,04,113,N,0804,+39.0706831,-103.4138530,C2,G5200,Congressional District 4,08,10.318305224358319,18.81027020731372,0.36646
7,11125095359,119881178,06,113,N,2106,+38.0534473,-084.1547782,C2,G5200,Congressional District 6,21,1.1541972522650414,9.391014906603878,0.16446
8,10802402204,177149895,06,113,N,0106,+33.2602118,-086.7134267,C2,G5200,Congressional District 6,01,1.06250272596998,9.965807789057413,0.13444
9,26218531554,1029312841,04,113,N,4804,+33.2982880,-095.4180633,C2,G5200,Congressional District 4,48,2.638173746266328,13.749605073020613,0.17536
10,37433466212,1114920777,05,113,N,2205,+31.7664463,-091.8235236,C2,G5200,Congressional District 5,22,3.670139639760938,21.81441277238218,0.09692
11,24932133897,449511864,02,113,N,1302,+31.8162371,-084.4190306,C2,G5200,Congressional District 2,13,2.417876965402885,9.904284685598993,0.30974
12,246791968,19335530,09,113,N,3409,+40.8607823,-074.0738236,C2,G5200,Congressional District 9,34,0.028423484641029596,1.4067754047347087,0.18048
13,6186411570,3271907723,24,113,N,3624,+43.2103194,-076.6480936,C2,G5200,Congressional District 24,36,1.0475600892728636,5.625349734479033,0.416
14,7788206885,770283619,01,113,N,4101,+45.7211995,-123.3412706,C2,G5200,Congressional District 1,41,0.9891309512094291,6.9133872807104915,0.26006
15,23604940765,154764241,09,113,N,5109,+36.9828146,-081.3524574,C2,G5200,Congressional District 9,51,2.4050332927942453,13.539742347521607,0.16486
16,15500735761,241448676,04,113,N,4704,+35.2621448,-086.6288782,C2,G5200,Congressional District 4,47,1.562903679023105,11.963816413562693,0.13722
17,10728423766,5439326375,10,113,N,2610,+43.4559041,-082.8824074,C2,G5200,Congressional District 10,26,1.7981300643771627,6.799301996678833,0.48877
18,132084153428,629301015,04,113,N,3204,+38.0856481,-116.0266825,C2,G5200,Congressional District 4,32,13.631557098376419,18.32945451407043,0.50987
19,144598474874,1316086289,02,113,N,3202,+40.6511506,-117.3296838,C2,G5200,Congressional District 2,32,15.536353112172902,18.904122100624274,0.54632
20,1779256675,26623500,01,113,N,3901,+39.3360790,-084.3467724,C2,G5200,Congressional District 1,39,0.18866903410353245,3.9197214644070386,0.15431
21,1365087721,144737132,03,113,N,2703,+44.9958803,-093.5286204,C2,G5200,Congressional District 3,27,0.17229726552748267,2.8139247297290635,0.27344
22,2228607635,29517329,06,113,N,4206,+40.0601515,-075.6344512,C2,G5200,Congressional District 6,42,0.23902985363098414,6.172722185339498,0.07883
23,2583989456,105160481,16,113,N,4216,+40.0208820,-076.2131977,C2,G5200,Congressional District 16,42,0.2837180903720142,5.450711169205729,0.12
24,3328327601,33953332,15,113,N,4215,+40.5289635,-075.9624069,C2,G5200,Congressional District 15,42,0.3573568581190581,5.809290028918405,0.13307
25,7354267742,118626749,16,113,N,0616,+37.1086529,-120.5188666,C2,G5200,Congressional District 16,06,0.7575949358582493,6.105907424125933,0.25536
26,17430391824,35944067,21,113,N,0621,+36.0867145,-119.8515001,C2,G5200,Congressional District 21,06,1.7476752405978948,10.722318740836329,0.19103
27,3017827353,9715354,22,113,N,0622,+36.4768606,-119.3895513,C2,G5200,Congressional District 22,06,0.3044812314314542,4.719326187101474,0.17179
28,1218098754,68669721,03,113,N,0903,+41.3853723,-072.8773810,C2,G5200,Congressional District 3,09,0.13850769059693768,2.985235474749782,0.19531
29,1193386218,214372913,04,113,N,0904,+41.1968011,-073.3885143,C2,G5200,Congressional District 4,09,0.15110829803297543,2.4660317769090256,0.31225
30,3232865218,87427262,05,113,N,0905,+41.6943231,-073.2099985,C2,G5200,Congressional District 5,09,0.3590905042144802,4.422782807943215,0.23069
31,15679342933,413537389,08,113,N,4808,+30.8332685,-095.5435951,C2,G5200,Congressional District 8,48,1.5170881109226706,9.107763026195574,0.22982
32,9542206015,2192751051,01,113,N,5101,+37.8454784,-076.9116127,C2,G5200,Congressional District 1,51,1.2015326841664575,9.23691541357583,0.17697
33,695454648,628668917,01,113,N,4401,+41.6306771,-071.3286718,C2,G5200,Congressional District 1,44,0.1431012731179541,2.588346438293079,0.26842
34,590544381,11252158,03,113,N,3903,+39.9662072,-082.9474950,C2,G5200,Congressional District 3,39,0.06343872204651754,3.769015417013139,0.05612
35,5884361848,76780934,12,113,N,3912,+40.2393230,-082.6136769,C2,G5200,Congressional District 12,39,0.6308776097224404,7.630063608104967,0.13618
36,14840775237,94924674,09,113,N,4209,+40.1415784,-078.6736544,C2,G5200,Congressional District 9,42,1.578521800873725,12.373977142536088,0.12955
37,201791655,31173362,01,113,N,4201,+39.9277355,-075.2142852,C2,G5200,Congressional District 1,42,0.024544818054006594,2.011892201143617,0.0762
38,2233978144,21273828,07,113,N,4207,+39.8980922,-075.9217800,C2,G5200,Congressional District 7,42,0.23800508409544088,8.701231322405485,0.0395
39,1852086752,23656943,13,113,N,1313,+33.6298272,-084.5687751,C2,G5200,Congressional District 13,13,0.18226058379202612,3.790726801425834,0.15939
40,687353915,666046393,14,113,N,1214,+27.8336178,-082.5127178,C2,G5200,Congressional District 14,12,0.12397610062157405,2.4953195259779344,0.2502
41,2290253026,476460609,12,113,N,1212,+28.2686774,-082.4917862,C2,G5200,Congressional District 12,12,0.25444536363156256,2.8671467110250886,0.38896
42,481827522,600730872,13,113,N,1213,+27.8661855,-082.7484053,C2,G5200,Congressional District 13,12,0.09919802449701753,1.6797399293129638,0.4418
43,6493534280,1789451640,06,113,N,1206,+29.4576319,-081.3518251,C2,G5200,Congressional District 6,12,0.7703209534911613,6.098105061738968,0.26031
44,5060008431,3734236079,14,113,N,3914,+41.7516375,-081.0181027,C2,G5200,Congressional District 14,39,0.952016936741986,5.8724845119515265,0.34691
45,4489067831,59176497,17,113,N,4217,+40.8854972,-075.7970882,C2,G5200,Congressional District 17,42,0.4859601553279877,8.844152461674389,0.07807
46,8498880401,7470749414,02,113,N,2602,+43.3975406,-086.3188626,C2,G5200,Congressional District 2,26,1.774342856411444,7.219717690541347,0.42777
47,20682000558,2447457492,01,113,N,1301,+31.3174384,-081.9425449,C2,G5200,Congressional District 1,13,2.1916208831442354,11.205996418061627,0.21932
48,20834364180,2213376508,04,113,N,2804,+30.9941864,-089.0903341,C2,G5200,Congressional District 4,28,2.1764913277199054,8.222340841645819,0.40455
49,1085511432,55747042,11,113,N,2611,+42.5300018,-083.4539962,C2,G5200,Congressional District 11,26,0.12505122524392515,3.185983637908887,0.15481
50,1792017120,48834168,04,113,N,3404,+40.1653130,-074.3167410,C2,G5200,Congressional District 4,34,0.19460872960898526,3.3284628584461995,0.22074
51,558433891,502932439,06,113,N,3406,+40.3549202,-074.2026491,C2,G5200,Congressional District 6,34,0.1126209502354822,3.2239638043258307,0.13616
52,5419960974,2031578174,02,113,N,3402,+39.3926472,-074.9086734,C2,G5200,Congressional District 2,34,0.779242400317566,5.308573188931456,0.34748
53,16498757811,1870498309,17,113,N,1217,+27.3174741,-081.5482955,C2,G5200,Congressional District 17,12,1.6749102296669338,7.79860426711663,0.34607
54,1943129639,1597411456,19,113,N,1219,+26.4316160,-081.9067394,C2,G5200,Congressional District 19,12,0.320363005100471,3.623090989492087,0.30669
55,8509756400,4736024887,01,113,N,2301,+43.8304074,-069.9408789,C2,G5200,Congressional District 1,23,1.4824435035830885,10.58708024990513,0.1662
56,9941251623,209789919,03,113,N,1303,+33.1505217,-084.7286640,C2,G5200,Congressional District 3,13,0.981048816418092,6.589989140587643,0.28388
57,491040131,7081108,01,113,N,0801,+39.7322859,-104.9087582,C2,G5200,Congressional District 1,08,0.052333873166990556,2.6381478032918504,0.09449
58,885996668,25114102,07,113,N,0807,+39.8261495,-105.0422237,C2,G5200,Congressional District 7,08,0.09585160935395948,2.9544826568848856,0.13799
59,10290387280,3222827534,27,113,N,3627,+43.0008504,-078.3168825,C2,G5200,Congressional District 27,36,1.4918354985805908,8.001142969968381,0.29284
60,1321403917,1831738123,25,113,N,3625,+43.3302569,-077.7313883,C2,G5200,Congressional District 25,36,0.3499603743985127,2.9100444368037435,0.51931
61,71374035018,7014298014,02,113,N,2302,+45.4804487,-069.0561144,C2,G5200,Congressional District 2,23,9.026600351474718,19.554437305634863,0.29665
62,85126246360,450252881,08,113,N,0608,+35.6625568,-116.8195456,C2,G5200,Congressional District 8,06,8.521353143195697,19.78599235892319,0.27353
63,6013919704,277823383,02,113,N,4702,+36.0503257,-083.8211985,C2,G5200,Congressional District 2,47,0.6292883716787963,8.544386485338046,0.10832
64,6087288902,129395582,01,113,N,2501,+42.3310362,-072.8641678,C2,G5200,Congressional District 1,25,0.6789440360064752,5.452101459657186,0.28702
65,4216565103,221665702,02,113,N,2502,+42.3850416,-072.1186908,C2,G5200,Congressional District 2,25,0.48519649292101164,4.823819947023098,0.26203
66,2452991942,548889272,03,113,N,5103,+37.2135279,-076.9511350,C2,G5200,Congressional District 3,51,0.30472186825677816,6.842379954292877,0.08179
67,170515938,126197973,11,113,N,3611,+40.5669743,-074.1263136,C2,G5200,Congressional District 11,36,0.03155310946897932,0.9489265894829738,0.44034
68,17956337592,339201156,17,113,N,1717,+41.3894669,-090.2186532,C2,G5200,Congressional District 17,17,1.9697305746962717,11.482408248038698,0.18774
69,1803015015,329878145,18,113,N,0618,+37.2021322,-122.1537117,C2,G5200,Congressional District 18,06,0.2164843840594849,3.4659188784939228,0.22646
70,12624166135,1574866867,20,113,N,0620,+36.3732865,-121.2752181,C2,G5200,Congressional District 20,06,1.425983722240949,6.722429725301955,0.39653
71,15713054160,2275852112,01,113,N,0101,+31.0020519,-087.7879717,C2,G5200,Congressional District 1,01,1.6991773075161636,11.56301419285223,0.1597
72,633326831,1310790296,11,113,N,3911,+41.6132500,-081.5310366,C2,G5200,Congressional District 11,39,0.21012882165288937,4.3105997971602505,0.14211
73,14572561099,72211019,05,113,N,3905,+41.1557510,-084.0447886,C2,G5200,Congressional District 5,39,1.5710382610037077,7.96355325152226,0.3113
74,2782938217,82841835,03,113,N,4103,+45.3998310,-122.2286787,C2,G5200,Congressional District 3,41,0.329291278091984,4.307230789684703,0.22305
75,13441088909,1207395904,05,113,N,4105,+45.0283647,-123.1951639,C2,G5200,Congressional District 5,41,1.672342667633339,12.249023363229194,0.14007
76,861287612,84509184,04,113,N,2704,+45.0027128,-092.9773663,C2,G5200,Congressional District 4,27,0.10794197100846527,1.6057693897835446,0.52606
77,351406683,16686352,05,113,N,2705,+44.9809694,-093.2942005,C2,G5200,Congressional District 5,27,0.04199468324648714,1.1907403612386278,0.37219
78,1286289173,22911803,04,113,N,1304,+33.6996000,-084.0505632,C2,G5200,Congressional District 4,13,0.12731358677389065,2.4686662089038043,0.26252
79,10826590949,135462412,03,113,N,1803,+41.0965541,-085.2361776,C2,G5200,Congressional District 3,18,1.1750412840595859,5.205059901450605,0.54502
80,85985850819,503981072,04,113,N,0404,+34.5909175,-113.2045275,C2,G5200,Congressional District 4,04,8.50193437554979,29.715470944949704,0.12099
81,10949927891,526917021,07,113,N,2607,+42.0936084,-084.3049549,C2,G5200,Congressional District 7,26,1.2490124831309521,7.7241095551426024,0.26308
82,3365059049,44884831,04,113,N,4504,+34.9417009,-082.1701563,C2,G5200,Congressional District 4,45,0.33646483944508937,4.047487983014971,0.25809
83,4475186521,2524351258,01,113,N,5501,+42.6952148,-088.0463951,C2,G5200,Congressional District 1,55,0.7689559966499844,6.090525479232284,0.2605
84,134399412,184588482,05,113,N,3605,+40.5991791,-073.8223027,C2,G5200,Congressional District 5,36,0.03393787646050983,1.3375338250557862,0.23839
85,471484236,373962093,02,113,N,3602,+40.6853292,-073.2884866,C2,G5200,Congressional District 2,36,0.09005748745249006,1.6336919785313124,0.42402
86,660307121,301713541,03,113,N,3603,+40.8604959,-073.5053788,C2,G5200,Congressional District 3,36,0.10274537393100147,1.7413768022207936,0.42578
87,287092974,168424775,04,113,N,3604,+40.6369483,-073.6059099,C2,G5200,Congressional District 4,36,0.04848853813400117,1.1670519828254478,0.44737
88,12082174683,122476834,04,113,N,3904,+40.3871749,-083.9357033,C2,G5200,Congressional District 4,39,1.300756707554646,10.656961565014434,0.14393
89,5368515312,17442232,18,113,N,4218,+40.1705353,-080.0275169,C2,G5200,Congressional District 18,42,0.5693322198375214,6.5508531002422865,0.16672
90,542042542,26842491,14,113,N,4214,+40.4325410,-079.9056963,C2,G5200,Congressional District 14,42,0.060377223631469724,2.623302384012549,0.11025
91,5602305968,59304232,12,113,N,4212,+40.4284125,-079.4864996,C2,G5200,Congressional District 12,42,0.6007931788984462,8.77362924753293,0.09808
92,9516605921,147683541,06,113,N,3706,+36.3104088,-079.6783956,C2,G5200,Congressional District 6,37,0.9697256731364952,10.206508523424686,0.11698
93,472233618,4644349190,98,113,N,6998,+14.9300772,+145.6425305,C4,G5200,Delegate District (at Large),69,0.4340103475405001,8.425365367098598,0.07683
94,26266695180,306899655,02,113,N,0102,+31.7020846,-086.0768417,C2,G5200,Congressional District 2,01,2.5283321096773763,12.161478120058005,0.21482
95,9384314904,51593050,14,113,N,1314,+34.4305862,-085.0978762,C2,G5200,Congressional District 14,13,0.9254712583850088,6.139766936519393,0.30851
96,3510589063,467079153,05,113,N,1205,+29.3852027,-081.7512099,C2,G5200,Congressional District 5,12,0.36970410850481333,10.987477123858506,0.03848
97,2926785923,697917045,10,113,N,1210,+28.5160182,-081.7411867,C2,G5200,Congressional District 10,12,0.3341117845819537,4.577645736028605,0.20036
98,23642121888,4517878521,27,113,N,4827,+28.7829945,-096.8414071,C2,G5200,Congressional District 27,48,2.60230923990407,13.162302927338802,0.18876
99,21213105382,3364572718,34,113,N,4834,+26.7738163,-097.9253663,C2,G5200,Congressional District 34,48,2.24643433622598,15.04868744784925,0.12465
100,10252693034,132224988,02,113,N,1802,+41.2487244,-086.2367980,C2,G5200,Congressional District 2,18,1.1155414657929723,5.516949777960115,0.46057
101,5371387645,59048713,05,113,N,4005,+35.3078792,-096.9896037,C2,G5200,Congressional District 5,40,0.5381993499916381,5.025705040394529,0.26777
102,25323182345,407938441,04,113,N,4004,+34.5865916,-097.7501307,C2,G5200,Congressional District 4,40,2.5280819755000543,11.316047545723777,0.24809
103,6314631021,243392500,02,113,N,2702,+44.4789680,-092.8530418,C2,G5200,Congressional District 2,27,0.741919255719447,5.723619032157216,0.28459
104,10009722536,64690531,07,113,N,3907,+40.4811635,-082.3929179,C2,G5200,Congressional District 7,39,1.0735589725600354,10.478529626586203,0.12287
105,3121938508,31009625,16,113,N,3916,+40.9821546,-081.7406039,C2,G5200,Congressional District 16,39,0.3373126685395833,6.22852543286942,0.10926
106,2316184973,70028461,13,113,N,3913,+41.1496303,-080.9786969,C2,G5200,Congressional District 13,39,0.25598546613754347,6.25615476265374,0.08219
107,102093275212,1316180236,01,113,N,1601,+45.2967502,-116.0358424,C2,G5200,Congressional District 1,16,11.88230639134723,27.555221518495078,0.19665
108,17629208581,8181026242,08,113,N,5508,+44.8312557,-087.9368111,C2,G5200,Congressional District 8,55,2.937285062705356,10.852948368559202,0.31337
109,19062269014,364830643,08,113,N,5308,+47.3623665,-121.0394032,C2,G5200,Congressional District 8,53,2.315895467944983,12.831995634289191,0.17674
110,13496322455,413007023,09,113,N,1309,+34.5061521,-083.6872147,C2,G5200,Congressional District 9,13,1.3653946111880364,7.766621621907958,0.28445
111,33247808095,858134102,04,113,N,0604,+37.9824523,-119.9279734,C2,G5200,Congressional District 4,06,3.498061685976254,12.301713460889633,0.29047
112,251471646614,1862590113,00,113,N,5600,+42.9918024,-107.5419255,C1,G5200,Congressional District (at Large),56,27.971704624495892,22.00173992296505,0.72613
113,9251205214,64511575,05,113,N,3705,+36.1450801,-080.9605925,C2,G5200,Congressional District 5,37,0.9328041967694976,8.711364418817208,0.15446
114,2218257923,116978590,09,113,N,3709,+35.3796578,-080.8384298,C2,G5200,Congressional District 9,37,0.2316557695620232,5.824360011291208,0.08581
115,11685645007,169738458,08,113,N,3708,+35.1224465,-079.9514195,C2,G5200,Congressional District 8,37,1.172115772433779,8.129097051806587,0.22289
116,1423781240,19008602,12,113,N,3712,+35.6462622,-080.4424707,C2,G5200,Congressional District 12,37,0.14359058829208565,7.8787259508725676,0.02907
117,386510677,28985919,08,113,N,5108,+38.7795583,-077.1395037,C2,G5200,Congressional District 8,51,0.04307537205155107,1.4343585427935814,0.2631
118,19738596635,319956951,25,113,N,4825,+31.5007907,-097.8159131,C2,G5200,Congressional District 25,48,1.9044553515670346,12.264168972294517,0.15911
119,17745456535,368151097,03,113,N,2903,+38.5781714,-091.5631850,C2,G5200,Congressional District 3,29,1.872623999717964,10.529018978601847,0.21227
120,22309097812,3786941632,02,113,N,1202,+30.2827085,-084.7303769,C2,G5200,Congressional District 2,12,2.4467068657088955,8.719345443363226,0.40441
121,179856603618,1902737712,02,113,N,4102,+43.8374944,-119.5968497,C2,G5200,Congressional District 2,41,20.35196461682627,23.996217993405462,0.44415
122,72281503211,12448770859,08,113,N,2708,+47.2503395,-092.9638683,C2,G5200,Congressional District 8,27,10.063465815439594,19.572747306444903,0.33011
123,23871108234,1035157628,00,113,N,5000,+44.0605418,-072.6733072,C1,G5200,Congressional District (at Large),50,2.7984030637923554,9.869637379424269,0.36101
124,6346768975,40337123,08,113,N,3908,+39.8994793,-084.1608142,C2,G5200,Congressional District 8,39,0.6727038530093228,5.5390694905131745,0.27552
125,15335019574,91843089,21,113,N,4821,+30.0578898,-098.9753677,C2,G5200,Congressional District 21,48,1.4426137937034673,9.853004474277798,0.18673
126,13150604154,386934603,22,113,N,3622,+42.8707006,-075.6626639,C2,G5200,Congressional District 22,36,1.4915042793385203,9.455028618555433,0.20966
127,4226042223,143468726,01,113,N,4001,+36.2117411,-095.7895823,C2,G5200,Congressional District 1,40,0.4379248849775073,5.15751068933668,0.20689
128,18586221769,403818887,02,113,N,2102,+37.5446206,-085.9904901,C2,G5200,Congressional District 2,21,1.9359386228315283,14.695883005171364,0.11264
129,4858920828,588333663,04,113,N,1204,+30.4262532,-081.8642717,C2,G5200,Congressional District 4,12,0.5114713338344835,7.047821858005945,0.1294
130,771293088,48280152,04,113,N,2404,+39.0562471,-076.5924708,C2,G5200,Congressional District 4,24,0.08518499737004293,3.407380823352668,0.0922
131,3836665614,2069875498,05,113,N,2405,+38.4721730,-076.7114140,C2,G5200,Congressional District 5,24,0.6097703532638409,4.922871970698619,0.31618
132,18818155805,61271908,05,113,N,0805,+38.8154076,-105.3441513,C2,G5200,Congressional District 5,08,1.9583377762527103,8.13554537775854,0.37181
133,7190859822,170942497,07,113,N,5107,+37.9680399,-077.7465299,C2,G5200,Congressional District 7,51,0.754819547401886,8.600973135285281,0.12822
134,8867751079,4923522837,98,113,N,7298,+18.2176480,-066.4107992,C3,G5200,Resident Commissioner District (at Large),72,1.1779887595865384,7.4276763822096346,0.26832
135,64822394957,75784519849,01,113,N,2601,+46.1573045,-086.4369120,C2,G5200,Congressional District 1,26,16.381095406831797,24.888398760420262,0.33232
136,198019966,1306931136,98,113,N,6098,-14.2638166,-170.6620902,C4,G5200,Delegate District (at Large),60,0.1259118768510019,2.8624865104192794,0.1931
137,24290304018,300333676,28,113,N,4828,+27.8486342,-098.9136118,C2,G5200,Congressional District 28,48,2.253261124697335,14.348164528679877,0.13754
138,1478466120147,244870402040,00,113,N,0200,+63.3461910,-152.8370679,C1,G5200,Congressional District (at Large),02,313.99513350244547,252.03580316279317,0.06212
139,185804622290,418733446,02,113,N,3502,+33.3853203,-106.2994586,C2,G5200,Congressional District 2,35,18.046892638142978,23.836217735445306,0.39915
140,7464826304,404473149,06,113,N,2706,+45.3368069,-093.8520551,C2,G5200,Congressional District 6,27,0.9033119241281299,7.283979962246629,0.21395
141,17742951960,382802406,08,113,N,4708,+35.8555657,-089.0998420,C2,G5200,Congressional District 8,47,1.8086842274300972,9.528338240103665,0.25034
142,6669407805,101725365,10,113,N,3710,+35.4391869,-081.6293598,C2,G5200,Congressional District 10,37,0.6720901745790427,6.202210252658653,0.21956
143,11334216706,290253457,04,113,N,2104,+38.5689729,-084.4370062,C2,G5200,Congressional District 4,21,1.2016292465881335,11.02782305642562,0.12417
144,17711051447,191403458,11,113,N,3711,+35.5533033,-082.7877157,C2,G5200,Congressional District 11,37,1.7793170062066723,10.405554668896245,0.20651
145,18456277442,1241924534,36,113,N,4836,+30.4291930,-094.4314897,C2,G5200,Congressional District 36,48,1.8496316733457776,10.560041301042215,0.20843
146,1421003183,13619872,07,113,N,0607,+38.4758075,-121.2180632,C2,G5200,Congressional District 7,06,0.148117959200477,2.0217026889039666,0.45539
147,1552724167,69754058,15,113,N,0615,+37.6556535,-121.8350295,C2,G5200,Congressional District 15,06,0.1656322452794463,2.6910493941432985,0.28742
148,4710457099,59161662,10,113,N,0610,+37.5863656,-121.0540832,C2,G5200,Congressional District 10,06,0.48651489477501586,4.321563753515971,0.32736
149,3228602655,151410237,09,113,N,0609,+38.0108733,-121.3071466,C2,G5200,Congressional District 9,06,0.3467503722885459,3.5630879389632506,0.34322
150,21698843505,298027996,10,113,N,4210,+41.3726930,-076.5231891,C2,G5200,Congressional District 10,42,2.367575135518852,14.703738353558993,0.13761
151,8693287886,193073036,11,113,N,4211,+40.8813886,-076.4517604,C2,G5200,Congressional District 11,42,0.9494691204940622,9.556286040390619,0.13065
152,72745072212,1948576678,01,113,N,0601,+40.7319880,-121.5105160,C2,G5200,Congressional District 1,06,7.964865083269763,18.756094597497654,0.28451
153,16015380177,456761476,03,113,N,0603,+39.0319525,-122.0895732,C2,G5200,Congressional District 3,06,1.7136152566578413,11.9168803476226,0.15163
154,50034996752,1235292625,01,113,N,0501,+35.2939086,-091.2583060,C2,G5200,Congressional District 1,05,5.081486888478083,22.54734508908666,0.12561
155,128806411814,382856406,03,113,N,0803,+38.7432544,-107.3448493,C2,G5200,Congressional District 3,08,13.395471860577786,22.11807214234731,0.34409
156,11750285154,189110867,02,113,N,5502,+42.9842989,-089.7508561,C2,G5200,Congressional District 2,55,1.3176840932908453,6.350327652988615,0.41061
157,44740459606,2227069166,04,113,N,4104,+43.4904305,-123.2455428,C2,G5200,Congressional District 4,41,5.225805849632822,12.8473836023926,0.39786
158,4985164384,41038133,05,113,N,1805,+40.2486316,-085.8695988,C2,G5200,Congressional District 5,18,0.532053131870046,4.4293382603331075,0.34079
159,111952386155,1081646928,02,113,N,1602,+43.4439444,-113.3642747,C2,G5200,Congressional District 2,16,12.57440130219081,22.4889424569615,0.31243
160,22765045373,153166859,03,113,N,1903,+41.2095427,-094.6403809,C2,G5200,Congressional District 3,19,2.4603986422554547,8.390873334094195,0.43914
161,5564772382,255732262,06,113,N,4806,+32.2350539,-096.6658786,C2,G5200,Congressional District 6,48,0.5568791083629663,5.765482352314772,0.21052
162,10438608979,14487886618,01,113,N,2201,+29.6663952,-089.8927543,C2,G5200,Congressional District 1,22,2.3229048963735064,13.582708773056698,0.15822
163,10447644236,925888305,06,113,N,2206,+30.2975751,-091.0248973,C2,G5200,Congressional District 6,22,1.0666093605396325,13.461938720440019,0.07396
164,19092558796,1602399424,23,113,N,3623,+42.3442440,-077.8458079,C2,G5200,Congressional District 23,36,2.2607978307975873,10.04243216832153,0.2817
165,196612894,12875417,10,113,N,3410,+40.7089641,-074.2090452,C2,G5200,Congressional District 10,34,0.022323762951508633,1.4910598768355146,0.12618
166,2512822295,47246714,07,113,N,3407,+40.6317476,-074.7895041,C2,G5200,Congressional District 7,34,0.2724866741459729,4.11385036840226,0.20233
167,1308176314,68645266,11,113,N,3411,+40.9020572,-074.4504622,C2,G5200,Congressional District 11,34,0.1471453835784514,2.9085712077116668,0.21857
168,141851306,37187528,08,113,N,3408,+40.7230434,-074.1085887,C2,G5200,Congressional District 8,34,0.019082885938974965,1.5524000137324907,0.09951
169,3285391447,522179823,02,113,N,2202,+30.0467435,-090.5684985,C2,G5200,Congressional District 2,22,0.35612010340969935,8.944854911131669,0.05593
170,3893095550,99750500,08,113,N,2608,+42.6477730,-083.9453541,C2,G5200,Congressional District 8,26,0.43830574410399614,4.122958241526386,0.32402
171,13644893134,518800036,03,113,N,4503,+34.3638666,-082.3382037,C2,G5200,Congressional District 3,45,1.3879129833102306,7.311905826826951,0.32622
172,26304372148,330254983,07,113,N,0107,+32.4492349,-087.6405014,C2,G5200,Congressional District 7,01,2.5542589984464383,15.594606481548027,0.13199
173,347892469,1550515125,98,113,N,7898,+18.2758499,-064.8903849,C4,G5200,Delegate District (at Large),78,0.16200105113300178,2.608901162460035,0.2991
174,6381192573,625465336,01,113,N,3301,+43.4578451,-071.1991344,C2,G5200,Congressional District 1,33,0.779279535876275,7.477555945209971,0.17514
175,16806770291,400787059,02,113,N,3302,+43.7641775,-071.7213985,C2,G5200,Congressional District 2,33,1.9236453736326429,12.59529222796155,0.15238
176,49858063620,807591521,04,113,N,5304,+47.2945861,-119.7072288,C2,G5200,Congressional District 4,53,6.02642085818221,18.511290247219254,0.221
177,12971312237,462693958,12,113,N,1712,+37.9933075,-089.4278909,C2,G5200,Congressional District 12,17,1.3778216659008855,8.393567257131204,0.24576
178,18791975884,278079482,08,113,N,1808,+38.7330167,-087.1993471,C2,G5200,Congressional District 8,18,1.97593216209888,10.689037422190236,0.21732
179,2119975176,145656210,15,113,N,1215,+28.0441411,-082.0787039,C2,G5200,Congressional District 15,12,0.20792677084748787,3.1606845732296764,0.26155
180,4421704620,521087600,09,113,N,1209,+28.1318105,-081.2016531,C2,G5200,Congressional District 9,12,0.45393621563343234,4.222966205159743,0.31987
181,2227223576,24263799,08,113,N,2408,+39.4222969,-077.2420034,C2,G5200,Congressional District 8,24,0.23554561469989868,6.0470257576028175,0.08095
182,827169353,41594190,03,113,N,2103,+38.1892208,-085.6972712,C2,G5200,Congressional District 3,21,0.0893381723899476,1.7795957431388432,0.35449
183,6083648709,4835319595,05,113,N,2605,+44.0818763,-083.6900106,C2,G5200,Congressional District 5,26,1.2236734878189126,8.609205532357418,0.20747
184,6810378447,177859539,03,113,N,2603,+42.7200275,-085.2372759,C2,G5200,Congressional District 3,26,0.7679875070590177,6.279598213103537,0.24474
185,529413539,3029010,39,113,N,0639,+33.9403775,-117.8349361,C2,G5200,Congressional District 39,06,0.05192086208148127,1.7989734010692229,0.20161
186,1432686373,512378681,49,113,N,0649,+33.3147856,-117.3795192,C2,G5200,Congressional District 49,06,0.18825803061715962,3.4759868540401198,0.1958
187,185770424,2403817,46,113,N,0646,+33.7908040,-117.8963627,C2,G5200,Congressional District 46,06,0.018318706840497072,0.9243272041874948,0.26943
188,855714414,5412289,45,113,N,0645,+33.7142584,-117.6683553,C2,G5200,Congressional District 45,06,0.08374946985499629,1.7992666212926134,0.32509
189,262777889,3823564,38,113,N,0638,+33.9404239,-118.0626291,C2,G5200,Congressional District 38,06,0.02599836237950242,1.328466380178596,0.18512
190,559945108,1176309149,47,113,N,0647,+33.3676425,-118.4810428,C2,G5200,Congressional District 47,06,0.16803180850746485,3.595584367570547,0.16333
191,376799358,283236098,48,113,N,0648,+33.6194947,-117.9057649,C2,G5200,Congressional District 48,06,0.06412915314301017,1.7546606192119039,0.26175
192,40633785865,8052526,03,113,N,0403,+32.4238155,-112.4025904,C2,G5200,Congressional District 3,04,3.8942427708849743,14.081090379565325,0.24681
193,20300636510,138377181,02,113,N,0402,+31.9166176,-109.9387277,C2,G5200,Congressional District 2,04,1.9492618880561574,7.227858895930993,0.46888
194,11914050097,18006017,01,113,N,3501,+34.7715617,-106.0510913,C2,G5200,Congressional District 1,35,1.1749689514700443,7.6039025687039,0.25537
195,1320184406,43522348,02,113,N,3102,+41.2286220,-096.1609050,C2,G5200,Congressional District 2,31,0.14645516049248258,2.1106605345349396,0.41312
196,6280435186,90620813,05,113,N,2905,+39.1414460,-093.7839363,C2,G5200,Congressional District 5,29,0.6637992184264869,6.674860265770229,0.18722
197,4897040015,165236198,05,113,N,5505,+43.1995893,-088.5314618,C2,G5200,Congressional District 5,55,0.5606325040788905,5.4650719231176765,0.23588
198,5148208830,298253980,02,113,N,0902,+41.6536870,-072.2065086,C2,G5200,Congressional District 2,09,0.588685181017045,4.2280678632169115,0.41382
199,0,1095331994,ZZ,113,F,09ZZ,+41.1666065,-072.8424645,00,G5200,Congressional Districts not defined,09,0.11755700231094596,3.4898778042311553,0.12129
200,13868561050,959250526,07,113,N,4507,+34.0834783,-079.4988485,C2,G5200,Congressional District 7,45,1.4485026819648965,7.8943024872225305,0.29208
201,9524277750,464746305,05,113,N,0105,+34.7550739,-086.7101631,C2,G5200,Congressional District 5,01,0.9834336237481393,6.98854933263123,0.25304
202,6510361149,1028247817,11,113,N,1211,+28.8585656,-082.2414631,C2,G5200,Congressional District 11,12,0.6971237517855937,5.163818857566614,0.32853
203,13134737182,186216540,10,113,N,4810,+29.9751841,-096.5946084,C2,G5200,Congressional District 10,48,1.2450998508786917,10.203766690185082,0.15028
204,14259503578,265776577,05,113,N,4505,+34.5302045,-081.0107773,C2,G5200,Congressional District 5,45,1.4264071479123244,9.302431259028255,0.20714
205,19538863715,470645995,03,113,N,0103,+33.1505639,-085.7002277,C2,G5200,Congressional District 3,01,1.9340615078403665,10.3644534779932,0.22625
206,116442366450,319698294,03,113,N,3503,+36.0098339,-105.8318747,C2,G5200,Congressional District 3,35,11.671029355566098,20.04715638381533,0.36493
207,178708831199,4398978644,00,113,N,3800,+47.4421698,-100.4608163,C1,G5200,Congressional District (at Large),38,21.839696233263357,25.18675981908326,0.43263
208,136084227542,594608607,01,113,N,2001,+38.7315950,-099.4080367,C2,G5200,Congressional District 1,20,14.160784861006888,21.062714203706797,0.40111
209,59666495951,7704275826,07,113,N,5507,+45.6989971,-090.6553345,C2,G5200,Congressional District 7,55,7.783613142333488,19.751863091666696,0.25071
210,12738707308,7318629196,06,113,N,5506,+43.7792439,-088.2744226,C2,G5200,Congressional District 6,55,2.242332411910364,10.586087001456066,0.25144
211,47134018465,527123721,06,113,N,2906,+39.9480143,-093.2935421,C2,G5200,Congressional District 6,29,5.022249539220269,16.952024518081576,0.21962
212,72085782429,572980548,11,113,N,4811,+31.7322926,-100.0636956,C2,G5200,Congressional District 11,48,6.915309979909665,21.137136552936454,0.1945
213,158115998,18885096,98,113,N,1198,+38.9041031,-077.0172290,C4,G5200,Delegate District (at Large),11,0.018380961988503867,0.684041388230479,0.49364
214,31758425882,431420441,02,113,N,1902,+41.2085154,-092.1491879,C2,G5200,Congressional District 2,19,3.456005327779737,11.709580963793655,0.31674
215,16768802969,325253304,06,113,N,4706,+36.1947713,-085.7784340,C2,G5200,Congressional District 6,47,1.7129344974521747,9.779160871168017,0.22509
216,27236489311,382253738,18,113,N,1718,+40.2271844,-090.0691183,C2,G5200,Congressional District 18,17,2.9226474877678266,12.887934009660118,0.22112
217,20506254270,180761000,16,113,N,1716,+41.3915234,-088.7991966,C2,G5200,Congressional District 16,17,2.227323175012886,11.07238539680761,0.2283
218,10727835227,207547598,01,113,N,4701,+36.2124803,-082.7999330,C2,G5200,Congressional District 1,47,1.0960087695188763,8.002785380381042,0.21505
219,13988684659,370113647,03,113,N,0503,+36.1382877,-094.0624489,C2,G5200,Congressional District 3,05,1.43537593602638,11.353741354143205,0.13993
220,54379433955,1951181751,02,113,N,4002,+35.1433031,-095.4417722,C2,G5200,Congressional District 2,40,5.573154374220724,16.097893179566476,0.27025
221,8343983350,77250051,02,113,N,3902,+39.0207844,-083.5607916,C2,G5200,Congressional District 2,39,0.8759237026154351,6.9892810564847965,0.22533
222,18686755154,201906140,06,113,N,3906,+39.7714087,-081.5750390,C2,G5200,Congressional District 6,39,1.9858070741436087,12.985598473481843,0.14799
223,16452932547,68021698,04,113,N,1804,+40.3810879,-086.8594124,C2,G5200,Congressional District 4,18,1.7521857008839534,7.0994293609834696,0.43686
224,4008970917,2197055543,01,113,N,4501,+32.7140628,-080.1606245,C2,G5200,Congressional District 1,45,0.5969356533362469,8.682188400830213,0.09951
225,20883149717,863196561,06,113,N,4506,+33.2082080,-080.5239865,C2,G5200,Congressional District 6,45,2.103339126828347,18.259769964367198,0.07927
226,25240799007,191922432,03,113,N,5403,+37.9910775,-081.2184277,C2,G5200,Congressional District 3,54,2.608582148299217,13.596889695301943,0.17731
227,10403170984,1922051364,01,113,N,1201,+30.6628014,-086.6624661,C2,G5200,Congressional District 1,12,1.1600831288074327,6.430844628818748,0.3525
228,28779436534,828721401,03,113,N,5503,+44.0562970,-090.8917476,C2,G5200,Congressional District 3,55,3.326298500478865,15.863728833509427,0.1661
229,1982213496,694897112,02,113,N,4402,+41.5696012,-071.6155143,C2,G5200,Congressional District 2,44,0.2890041690769653,3.327573238287445,0.32799
230,16022348889,1096396302,01,113,N,5301,+48.3673691,-121.6579571,C2,G5200,Congressional District 1,53,2.078000935756032,11.535341460167084,0.19624
231,373290127,340410100,07,113,N,5307,+47.5784260,-122.3913575,C2,G5200,Congressional District 7,53,0.08532849658449887,1.8064850689517442,0.32858
232,2629163203,2689470831,02,113,N,5302,+48.3728481,-122.6259158,C2,G5200,Congressional District 2,53,0.6456420436953052,5.754675384981537,0.245
233,7827369308,226189512,02,113,N,4502,+33.6330620,-081.3792888,C2,G5200,Congressional District 2,45,0.7826539211067812,7.727683230235774,0.1647
234,16246628240,248406583,07,113,N,2907,+36.9910613,-093.7063517,C2,G5200,Congressional District 7,29,1.6696148098445613,6.894672714261562,0.44137
235,15005497549,215828859,13,113,N,1713,+39.5156354,-089.5198424,C2,G5200,Congressional District 13,17,1.594229623634503,10.467122759277448,0.18285
236,5435558703,7255157541,26,113,N,1226,+25.1426313,-081.0277073,C2,G5200,Congressional District 26,12,1.13620694016682,8.508427273709565,0.19723
237,5047068135,1398701708,00,113,N,1000,+38.9976335,-075.4414957,C1,G5200,Congressional District (at Large),10,0.6702232274055371,4.141637403851255,0.491
238,39147302440,3339507141,21,113,N,3621,+44.0083839,-074.6092313,C2,G5200,Congressional District 21,36,4.769032027935072,11.769737633588404,0.43262
239,66913956631,282492726,19,113,N,4819,+33.2452902,-101.2097385,C2,G5200,Congressional District 19,48,6.501560159925031,17.199869179840235,0.27617
240,37076683449,188626159,04,113,N,2004,+37.5544654,-097.7439831,C2,G5200,Congressional District 4,20,3.7994080471088916,11.178587334868954,0.38208
241,8409173561,128738554,02,113,N,3702,+35.4457540,-079.2972255,C2,G5200,Congressional District 2,37,0.8476088792114942,9.993906450244785,0.10664
242,2707726740,56188978,04,113,N,3704,+35.6243203,-078.9951446,C2,G5200,Congressional District 4,37,0.2752824560908928,8.451539964756895,0.04843
243,5906425897,87231418,13,113,N,3713,+35.7832281,-078.2131072,C2,G5200,Congressional District 13,37,0.5975015125384163,11.185529885909693,0.06001
244,57855541212,1049014187,04,113,N,0504,+34.2195747,-093.2043572,C2,G5200,Congressional District 4,05,5.763872186612431,16.09590108831516,0.27957
245,32207117048,1110111822,04,113,N,2204,+31.7920472,-093.1796062,C2,G5200,Congressional District 4,22,3.1732061243787903,15.965606938892858,0.15644
246,142551598512,354192558,01,113,N,0401,+34.9710133,-110.7259249,C2,G5200,Congressional District 1,04,14.111805126474835,29.51444946570493,0.20357
247,27383983115,408906141,01,113,N,2801,+34.1975177,-089.0035117,C2,G5200,Congressional District 1,28,2.7184431209880042,10.02256568004497,0.34007
248,3233881155,72167957,05,113,N,4705,+36.1873306,-087.0740252,C2,G5200,Congressional District 5,47,0.3311893735719665,3.804141468197623,0.28759
249,11163981808,180206530,04,113,N,5104,+36.9745621,-077.3068003,C2,G5200,Congressional District 4,51,1.1480494506615988,8.591299999422661,0.19546
250,86584219250,5041853975,07,113,N,2707,+46.5530202,-095.6759048,C2,G5200,Congressional District 7,27,10.760372989836883,24.931499369164378,0.21754
251,20556917212,430668319,19,113,N,3619,+42.2278105,-074.4256329,C2,G5200,Congressional District 19,36,2.2883105460123896,10.424078613835482,0.26464
252,23725460000,416329748,07,113,N,4707,+35.6333869,-087.8333474,C2,G5200,Congressional District 7,47,2.4023466828092053,11.783564240262129,0.21742
253,19816368545,308268998,17,113,N,4817,+31.1536017,-096.6657676,C2,G5200,Congressional District 17,48,1.903859311935844,11.275390275098196,0.18818
254,18379360813,464687692,10,113,N,1310,+33.4242062,-083.0623090,C2,G5200,Congressional District 10,13,1.8269193267204815,9.221104512804475,0.27
255,37299409837,757253211,04,113,N,2904,+38.2824253,-093.3189947,C2,G5200,Congressional District 4,29,3.918768785337925,14.705319077658825,0.22772
256,22563735451,367473619,08,113,N,1308,+31.7798073,-083.4515115,C2,G5200,Congressional District 8,13,2.183559443001172,13.23776821944852,0.15658
257,51543446737,444730987,08,113,N,2908,+37.1941281,-090.9345152,C2,G5200,Congressional District 8,29,5.276042634562577,14.090535349551342,0.33394
258,23022928375,569202510,04,113,N,0104,+34.1181806,-087.2138097,C2,G5200,Congressional District 4,01,2.305466022495549,12.618862409563883,0.18194
259,11837020997,372493194,03,113,N,4703,+35.7616459,-084.5094443,C2,G5200,Congressional District 3,47,1.216919304270215,11.517298258893845,0.11528
260,40075216375,598839546,05,113,N,5305,+47.5732049,-117.8675495,C2,G5200,Congressional District 5,53,4.8643718338832995,12.076156785561938,0.41916
261,11620752439,145907982,09,113,N,1809,+38.7829406,-086.2122977,C2,G5200,Congressional District 9,18,1.2199796719332157,6.449623583277729,0.36855
262,33033558778,342105320,03,113,N,2803,+32.0149304,-089.7405887,C2,G5200,Congressional District 3,28,3.1860139237362555,15.889663425936128,0.15857
263,36631146258,530104677,02,113,N,2002,+38.4822777,-095.4246400,C2,G5200,Congressional District 2,20,3.837468390529074,11.62732475408817,0.35669
264,88362300519,813239064,03,113,N,4003,+36.1070688,-098.8397654,C2,G5200,Congressional District 3,40,8.927646373879918,21.191291137537284,0.24982
265,58939304720,263236013,04,113,N,1904,+42.6286385,-094.6450983,C2,G5200,Congressional District 4,19,6.496969266171691,14.657529017255142,0.38001
266,174655561312,1063628584,03,113,N,3103,+41.5541465,-100.2159270,C2,G5200,Congressional District 3,31,18.96523433618595,26.91326336284097,0.32903
267,10300629005,4035382661,01,113,N,2401,+38.7684710,-075.9588863,C2,G5200,Congressional District 1,24,1.4859896927131735,10.81783505248122,0.15957
268,150372179226,449819696,23,113,N,4823,+30.3892100,-102.3267561,C2,G5200,Congressional District 23,48,14.156413121352369,29.436273197325985,0.2053
269,376962936405,3868552975,00,113,N,3000,+47.0511771,-109.6348174,C1,G5200,Congressional District (at Large),30,45.07882240040905,36.65241379779653,0.42167
270,21906539293,520885009,04,113,N,2604,+43.7315525,-084.7503993,C2,G5200,Congressional District 4,26,2.50566497299186,9.142387644091762,0.37672
271,9973648995,2115948126,03,113,N,4203,+41.4076083,-080.0035571,C2,G5200,Congressional District 3,42,1.3019972320097617,8.643297849681328,0.21901
272,27742619189,213231653,05,113,N,4205,+41.3871737,-078.5706769,C2,G5200,Congressional District 5,42,3.009409223089299,12.355825983193991,0.24771
273,50661683169,3223054646,01,113,N,4901,+40.9611332,-111.3298158,C2,G5200,Congressional District 1,49,5.76272504814451,16.253494601933646,0.27412
274,99324226312,767152113,13,113,N,4813,+34.8376887,-100.5978721,C2,G5200,Congressional District 13,48,9.86533105564267,21.95042521651049,0.2573
275,40280369588,959049858,02,113,N,2802,+33.1763295,-090.3508287,C2,G5200,Congressional District 2,28,3.9882485969532637,18.393769404858197,0.14813
276,25977070020,391685611,05,113,N,5105,+37.3323415,-078.7235580,C2,G5200,Congressional District 5,51,2.681587474019983,15.105111987449874,0.14769
277,29096108771,313037879,05,113,N,2105,+37.3688281,-083.5218984,C2,G5200,Congressional District 5,21,2.9915865452059847,12.837694911292616,0.22811
278,103631156238,2948502514,02,113,N,4902,+38.7448593,-112.5524896,C2,G5200,Congressional District 2,49,11.047593072704423,19.691537214569184,0.35803
279,16075630296,106625699,06,113,N,1806,+39.4752185,-085.3763377,C2,G5200,Congressional District 6,18,1.6941433820124774,6.615634193866152,0.48643
280,31293387095,1224898319,01,113,N,2101,+37.0846029,-087.1849382,C2,G5200,Congressional District 1,21,3.295463209517264,18.56031171064425,0.12021
281,18924247482,1443501703,03,113,N,1203,+29.8346239,-082.7358289,C2,G5200,Congressional District 3,12,1.90126002772545,8.134933880671998,0.36103
282,20354456413,976908750,01,113,N,4801,+31.9516781,-094.5520460,C2,G5200,Congressional District 1,48,2.0349972915090566,11.220196938698457,0.20313
283,196349027301,3379924670,00,113,N,4600,+44.4467957,-100.2381762,C1,G5200,Congressional District (at Large),46,22.578472488566014,23.877297877752373,0.49766
284,15358604963,105001234,06,113,N,5106,+38.1365430,-079.1992544,C2,G5200,Congressional District 6,51,1.5890901557298887,11.141759742912612,0.16086
285,15962711526,1123199017,07,113,N,3707,+34.6883051,-078.3199580,C2,G5200,Congressional District 7,37,1.6809158529271009,13.013239960125233,0.12473
286,20771452122,121073250,02,113,N,5402,+38.8387542,-080.1737613,C2,G5200,Congressional District 2,54,2.1676662635658106,17.10851069167806,0.09306
287,31206325057,228522101,01,113,N,1901,+42.5277596,-091.8961228,C2,G5200,Congressional District 1,19,3.4442081656779178,12.847404826704532,0.26222
288,3554158340,35993047,10,113,N,5110,+39.0758983,-077.8564837,C2,G5200,Congressional District 10,51,0.3737542996815469,6.273780738199376,0.11933
289,22996514705,249291064,01,113,N,3101,+41.3744593,-096.8286623,C2,G5200,Congressional District 1,31,2.5021535653606106,10.12862754228135,0.30649
290,4137752900,62507771,14,113,N,1714,+42.0255473,-088.4458531,C2,G5200,Congressional District 14,17,0.456632184950126,5.99677055186088,0.15957
291,38062217044,353575550,15,113,N,1715,+38.9051792,-088.4421295,C2,G5200,Congressional District 15,17,3.990058832192535,15.448040224052892,0.21011
292,981025165,27386196,06,113,N,1706,+42.1751022,-088.2198781,C2,G5200,Congressional District 6,17,0.10962844258392293,3.5849979218489763,0.10719
293,776382313,31789983,10,113,N,1710,+42.2800078,-087.9399324,C2,G5200,Congressional District 10,17,0.08820352662351161,2.4632724580748073,0.18267
294,44050,4071181839,ZZ,113,F,17ZZ,+41.8872284,-087.6131895,00,G5200,Congressional Districts not defined,17,0.44361044084132445,3.0008139344789027,0.61906
295,16254255149,176459127,01,113,N,5401,+39.3819864,-080.2684972,C2,G5200,Congressional District 1,54,1.717621723305656,12.461304588369257,0.139
296,31013418553,540559542,01,113,N,2701,+43.8989394,-093.7117418,C2,G5200,Congressional District 1,27,3.534052359344,12.916683701137067,0.26618
297,18087442262,5595375166,03,113,N,2203,+29.9296153,-092.4423609,C2,G5200,Congressional District 3,22,2.213158196650299,9.572756162452956,0.30349
298,540927558,955511368,27,113,N,1227,+25.5727818,-080.3060604,C2,G5200,Congressional District 27,12,0.13441213133253732,1.974219868038681,0.43337
299,274632109,37057792,24,113,N,1224,+25.9071014,-080.2191263,C2,G5200,Congressional District 24,12,0.02807896174298056,1.1176623334224554,0.28247
300,433819629,300139663,23,113,N,1223,+26.0736056,-080.3460073,C2,G5200,Congressional District 23,12,0.06616685452145893,1.8861652996161336,0.23372
301,8374071302,388342646,25,113,N,1225,+26.0949636,-081.0669020,C2,G5200,Congressional District 25,12,0.790977840872352,5.641260563411655,0.31234
302,2370620243,16857158,19,113,N,0619,+37.1863813,-121.5316344,C2,G5200,Congressional District 19,06,0.2423398676924245,3.8019635591956034,0.21068
303,478834743,23119253,17,113,N,0617,+37.4440305,-121.9673477,C2,G5200,Congressional District 17,06,0.05110564436751694,1.626727135959014,0.24269
304,1749408506,51351847,01,113,N,0901,+41.9284627,-073.0173833,C2,G5200,Congressional District 1,09,0.19511305844952573,3.7764599949302484,0.17192
305,773902213,14146990,06,113,N,1306,+34.0130473,-084.3456797,C2,G5200,Congressional District 6,13,0.07691042924044794,1.90402959475091,0.26659
306,2774570570,69104325,11,113,N,1311,+34.1804322,-084.6514936,C2,G5200,Congressional District 11,13,0.2781137350040339,3.583814748317824,0.27211
307,23605440743,1212149826,03,113,N,5303,+46.2707510,-122.2621597,C2,G5200,Congressional District 3,53,2.8945268297559252,11.75421753872568,0.26327
308,1206323590,37446167,02,113,N,2902,+38.6029696,-090.5323369,C2,G5200,Congressional District 2,29,0.128626372876543,2.856819549220203,0.19805
309,4537623442,1709473053,08,113,N,1208,+28.1646486,-080.6989059,C2,G5200,Congressional District 8,12,0.5739544524854145,4.140824053225171,0.42064
310,3505394140,162166823,18,113,N,3618,+41.4116573,-074.0809815,C2,G5200,Congressional District 18,36,0.39496275833849925,4.0909894031358744,0.29656
311,1962752171,76026225,03,113,N,2503,+42.5895154,-071.5728279,C2,G5200,Congressional District 3,25,0.22358253534351474,3.635407285429976,0.21259
312,686616789,58507126,05,113,N,2505,+42.3553663,-071.2984404,C2,G5200,Congressional District 5,25,0.08142101228252131,2.541021228451561,0.15846
313,162421640,97472876,07,113,N,2507,+42.3166876,-071.0094420,C2,G5200,Congressional District 7,25,0.028383264011992863,2.226678385787796,0.07194
314,1364317992,864176347,06,113,N,2506,+42.6171124,-070.8853911,C2,G5200,Congressional District 6,25,0.24451437832602127,2.871214198723951,0.37272
315,906588892,51956591,01,113,N,3401,+39.7919878,-075.0580299,C2,G5200,Congressional District 1,34,0.10079279304248845,2.235560581440757,0.25343
316,3931188704,41640075,04,113,N,4204,+39.9218557,-076.9116159,C2,G5200,Congressional District 4,42,0.4185516921755234,3.8129685436228082,0.36177
317,20212509725,154646798,15,113,N,4815,+27.7500112,-098.2634106,C2,G5200,Congressional District 15,48,1.8646410915522207,13.654906947004875,0.12567
318,250678453,127248031,13,113,N,0613,+37.7789619,-122.2392482,C2,G5200,Congressional District 13,06,0.03865087859147928,1.1545955343217431,0.36434
319,672237317,827583987,14,113,N,0614,+37.5746731,-122.4947931,C2,G5200,Congressional District 14,06,0.15297245696000228,2.6954824995540907,0.26458
320,100994762,211586152,12,113,N,0612,+37.7855141,-122.4340005,C2,G5200,Congressional District 12,06,0.03197120110048268,1.077447426660924,0.34608
321,3917538122,979477583,18,113,N,1218,+27.1383614,-080.3794999,C2,G5200,Congressional District 18,12,0.44581048426201736,3.4258513871780822,0.47733
322,332510036,2454694635,04,113,N,5504,+42.9084156,-087.8433801,C2,G5200,Congressional District 4,55,0.307801155945479,3.4231180109803248,0.33009
323,13063622655,494908376,05,113,N,4805,+32.2257951,-095.7316676,C2,G5200,Congressional District 5,48,1.2971802392731921,11.213575702979856,0.12963
324,25635937518,100592676,23,113,N,0623,+35.6106838,-118.5390568,C2,G5200,Congressional District 23,06,2.5603971559754326,12.868841162500038,0.19428
325,4482813369,319022596,05,113,N,0605,+38.5158063,-122.4625595,C2,G5200,Congressional District 5,06,0.4959983514424241,6.159437082455761,0.16429
326,680557173,23270221,24,113,N,4824,+32.9194727,-097.0127238,C2,G5200,Congressional District 24,48,0.06784774552746961,2.0166780626348424,0.20964
327,548959323,16596613,33,113,N,4833,+32.7564438,-097.1069479,C2,G5200,Congressional District 33,48,0.05441911541450089,3.943247681289039,0.04398
328,3732592770,86677568,12,113,N,4812,+32.8211790,-097.6645106,C2,G5200,Congressional District 12,48,0.3677525995402197,4.526264706530385,0.22557
329,2349874557,191504946,26,113,N,4826,+33.1846148,-097.1341729,C2,G5200,Congressional District 26,48,0.24573694823947323,2.5806254002303977,0.46369
330,2567538834,83804811,05,113,N,3405,+41.1862499,-074.8281358,C2,G5200,Congressional District 5,34,0.28400680484252416,4.176390169357164,0.20461
331,1961237686,33331660,03,113,N,2003,+38.8950035,-094.7906431,C2,G5200,Congressional District 3,20,0.20709439952352005,2.3066797168826256,0.48911
332,6283986696,702410449,20,113,N,1220,+26.5089242,-080.6770960,C2,G5200,Congressional District 20,12,0.6325839479284631,6.059614525005261,0.21649
333,675505315,9098541,21,113,N,1221,+26.4686927,-080.2113006,C2,G5200,Congressional District 21,12,0.061968621432474544,1.7088452489007664,0.26667
334,447651168,483793833,22,113,N,1222,+26.4032877,-080.0777882,C2,G5200,Congressional District 22,12,0.08426178929552801,2.81343455687008,0.13377
335,2330114043,619985969,03,113,N,3403,+39.8989216,-074.4763738,C2,G5200,Congressional District 3,34,0.31067489221246314,4.49238067590885,0.19345
336,480886632,97647130,14,113,N,2614,+42.3892242,-082.9218407,C2,G5200,Congressional District 14,26,0.06332857057295935,2.880234077963933,0.09593
337,0,4875242983,ZZ,113,F,26ZZ,+42.6363171,-086.5447420,00,G5200,Congressional Districts not defined,26,0.5399512320149799,6.026150467969021,0.18685
338,475509071,13332117,09,113,N,2609,+42.5296604,-083.0547224,C2,G5200,Congressional District 9,26,0.053563318244498906,1.973828901115242,0.17277
339,51982535473,457363310,03,113,N,4903,+38.6967618,-110.2164000,C2,G5200,Congressional District 3,49,5.429708239489309,18.338113991580858,0.2029
340,453551313,11099907,06,113,N,0606,+38.5940335,-121.4797679,C2,G5200,Congressional District 6,06,0.04804657043349973,1.7439071596986937,0.19853
341,517193241,1486622,20,113,N,4820,+29.4743174,-098.6224612,C2,G5200,Congressional District 20,48,0.04824603910597319,1.825173927868899,0.182
342,1537876856,19731123,35,113,N,4835,+29.9155235,-097.8840940,C2,G5200,Congressional District 35,48,0.14551319928858172,5.8328692403336015,0.05375
343,2267142039,823827525,16,113,N,1216,+27.3062610,-082.4262015,C2,G5200,Congressional District 16,12,0.28182245806649675,2.7524981140701494,0.46745
344,1067686150,18402072,12,113,N,3412,+40.3742054,-074.5738510,C2,G5200,Congressional District 12,34,0.11516761498999384,3.0220332038303264,0.15847
345,73264628,39869598,14,113,N,3614,+40.8095243,-073.8368463,C2,G5200,Congressional District 14,36,0.012074528582019031,0.8241300376627871,0.2234
346,77137240,661088,06,113,N,3606,+40.7347867,-073.8235495,C2,G5200,Congressional District 6,36,0.008293681462501735,0.5605473553143194,0.33169
347,76824024,44947565,08,113,N,3608,+40.6214380,-073.9110774,C2,G5200,Congressional District 8,36,0.01295978383400112,0.9405321024116209,0.1841
348,3189337715,81986737,20,113,N,3620,+42.7488819,-073.9883663,C2,G5200,Congressional District 20,36,0.359681349682548,3.700499972620475,0.33007
349,1203479456,4312184662,09,113,N,3909,+41.4032532,-082.5481185,C2,G5200,Congressional District 9,39,0.5958371018175792,6.227520819739979,0.19307
350,12410163991,870586182,51,113,N,0651,+32.9962393,-115.5254278,C2,G5200,Congressional District 51,06,1.281285820597101,8.536431988371689,0.22095
351,6605415627,374239044,04,113,N,4904,+39.8793168,-111.8444529,C2,G5200,Congressional District 4,49,0.7348540084479636,6.241077691741983,0.23708
352,787830666,253099129,03,113,N,2403,+39.1572215,-076.6768633,C2,G5200,Congressional District 3,24,0.1084812301264245,6.512560623241514,0.03214
353,903592549,440553866,02,113,N,2402,+39.3395121,-076.4287700,C2,G5200,Congressional District 2,24,0.1404351093339511,5.33284666006599,0.06205
354,17878050853,5090681474,06,113,N,5306,+47.6388468,-123.5509260,C2,G5200,Congressional District 6,53,2.7499735034911956,8.626478022473036,0.46438
355,2996716502,624528889,01,113,N,1801,+41.4970344,-087.1798166,C2,G5200,Congressional District 1,18,0.39050084760547465,2.9579297896186896,0.56086
356,9187084777,4066985512,06,113,N,2606,+42.1640521,-086.1560519,C2,G5200,Congressional District 6,26,1.4440249998300436,5.90436420091128,0.52052
357,475268277,107378630,09,113,N,5309,+47.4575240,-122.2583062,C2,G5200,Congressional District 9,53,0.06949933526004659,2.3493394322663135,0.15823
358,2141132056,233434409,10,113,N,5310,+47.0417220,-122.7558152,C2,G5200,Congressional District 10,53,0.2810541361190517,3.931628748104035,0.22848
359,16092719806,11222216505,02,113,N,1502,+19.8097670,-155.5061027,C2,G5200,Congressional District 2,15,2.373809429182153,21.185021107181033,0.06647
360,33546699649,4122288170,02,113,N,0602,+40.0940587,-123.4649741,C2,G5200,Congressional District 2,06,3.9796856387687427,16.59251195352177,0.18165
361,21200434641,376934988,12,113,N,1312,+32.4133308,-082.2238419,C2,G5200,Congressional District 12,13,2.0685270106128306,11.995394673381071,0.18065
362,1228674847,22137657,06,113,N,0806,+39.7550881,-104.7653511,C2,G5200,Congressional District 6,08,0.1314933662540926,3.8411218072645616,0.11199
363,5051081987,102061410,06,113,N,2406,+39.5376137,-078.8843351,C2,G5200,Congressional District 6,24,0.5396122454520149,9.784601398892683,0.07083
364,41863748,2716271,07,113,N,3607,+40.6909358,-073.9105700,C2,G5200,Congressional District 7,36,0.004749183438004102,0.8063134297132236,0.0918
365,38314960,7148864,12,113,N,3612,+40.7500246,-073.9512635,C2,G5200,Congressional District 12,36,0.004847759003001446,0.4451867853033177,0.30737
366,36938189,22765802,10,113,N,3610,+40.7020688,-074.0072095,C2,G5200,Congressional District 10,36,0.006361224899987884,0.9141514492956279,0.09566
367,26582253,7034522,13,113,N,3613,+40.8387640,-073.9330348,C2,G5200,Congressional District 13,36,0.003589351672995629,0.39062162133756295,0.29561
368,2568926211,4676013792,02,113,N,5102,+37.4077643,-075.8875288,C2,G5200,Congressional District 2,51,0.7373450362025494,6.683303945073926,0.20744
369,12273799802,99685003,15,113,N,3915,+39.5778602,-082.7562053,C2,G5200,Congressional District 15,39,1.2971230397653535,10.888278803757256,0.13749
370,19516651735,236192077,02,113,N,0802,+40.1377184,-105.7097247,C2,G5200,Congressional District 2,08,2.0877135476589683,10.804407924066991,0.22474
371,270668869,16683,01,113,N,3201,+36.1335125,-115.1514997,C2,G5200,Congressional District 1,32,0.02710298350648899,0.7822217423221054,0.55663
372,7377828122,103659761,03,113,N,3203,+35.6631939,-115.1539667,C2,G5200,Congressional District 3,32,0.7453456429516541,4.7618478174031615,0.41306
373,614216050,12672770,03,113,N,1703,+41.6789774,-087.8919745,C2,G5200,Congressional District 3,17,0.06778529622707946,2.3282401893060003,0.15714
374,247897144,1645493,05,113,N,1705,+41.9303655,-087.8309020,C2,G5200,Congressional District 5,17,0.02708825821449204,1.942547952702623,0.09021
375,727673674,14266224,11,113,N,1711,+41.6427983,-088.1459487,C2,G5200,Congressional District 11,17,0.08018340185744503,2.947850028506471,0.11595
376,532386518,10735637,08,113,N,1708,+42.0096662,-088.0966439,C2,G5200,Congressional District 8,17,0.05902615646646766,2.4759249060991935,0.121
377,6323638654,2552515277,14,113,N,4814,+29.4337172,-094.8926947,C2,G5200,Congressional District 14,48,0.8252989667793021,8.20322227399553,0.15412
378,12893284444,304897216,02,113,N,0502,+35.0995653,-092.3795106,C2,G5200,Congressional District 2,05,1.3046486824920125,8.253771586240495,0.24066
379,543389293,934520040,98,113,N,6698,+13.4382959,+144.7729279,C4,G5200,Delegate District (at Large),66,0.12335851278197973,1.5858759018956143,0.61637
380,567556586,35634529,26,113,N,3626,+42.9618255,-078.8409831,C2,G5200,Congressional District 26,36,0.06654651753597818,1.4964205880450023,0.37345
381,1044308425,71693121,12,113,N,2612,+42.2051522,-083.4498411,C2,G5200,Congressional District 12,26,0.12166695101151179,2.7114029491922143,0.20797
382,202992164,76380005,16,113,N,3616,+40.9397352,-073.7910880,C2,G5200,Congressional District 16,36,0.029873671279497273,1.0047536228536285,0.37186
383,37651331,6368722,15,113,N,3615,+40.8240670,-073.8911572,C2,G5200,Congressional District 15,36,0.004698978139000887,0.3300462524759473,0.54208
384,1263978608,15278057,07,113,N,2407,+39.2885921,-076.9957875,C2,G5200,Congressional District 7,24,0.13377396949250428,4.386312657341616,0.08737
385,5579760335,136918039,31,113,N,4831,+30.8288177,-097.5354116,C2,G5200,Congressional District 31,48,0.5390003885571335,3.865389154008962,0.45333
386,17827585874,3689047497,24,113,N,0624,+34.9196335,-120.1128450,C2,G5200,Congressional District 24,06,2.1225953151610795,12.078981477266721,0.18282
387,991035727,149811741,17,113,N,3617,+41.1595319,-073.9193555,C2,G5200,Congressional District 17,36,0.12238856520348204,1.8415572389880703,0.4535
388,40225029,549420,09,113,N,3609,+40.6421839,-073.9472006,C2,G5200,Congressional District 9,36,0.004340750270999207,0.4278863511393824,0.29793
389,7219207738,43666640,50,113,N,0650,+33.1135481,-116.6225898,C2,G5200,Congressional District 50,06,0.7016539275400255,6.330950126069191,0.21999
390,691516972,296846334,52,113,N,0652,+32.8572200,-117.1653592,C2,G5200,Congressional District 52,06,0.0951996121705605,3.1674362048388627,0.11924
391,350758370,6842063,53,113,N,0653,+32.7183139,-117.0314815,C2,G5200,Congressional District 53,06,0.03439566139950166,1.6806162460824898,0.15303
392,478755545,5465706,13,113,N,2613,+42.3803814,-083.3125530,C2,G5200,Congressional District 13,26,0.05288500821799744,1.9307137764437698,0.17828
393,583690065,27124954,01,113,N,2901,+38.7283860,-090.2962282,C2,G5200,Congressional District 1,29,0.0632760486480276,1.728779468890498,0.26605
394,2798895151,25511386,02,113,N,1702,+41.2562081,-087.7901148,C2,G5200,Congressional District 2,17,0.3034634655153805,3.2474347697385686,0.36161
395,1017029607,25629575,07,113,N,1307,+34.0401993,-084.0829561,C2,G5200,Congressional District 7,13,0.10179697701799975,2.237086712309167,0.25561
396,541575618,456528194,01,113,N,1501,+21.3226396,-157.9059542,C2,G5200,Congressional District 1,15,0.08689465605001079,1.6789111330482653,0.38739
397,2926082519,15295331,10,113,N,3910,+39.7013625,-083.9586952,C2,G5200,Congressional District 10,39,0.30889099119498814,3.344534544663893,0.34701
398,1330400058,167358814,07,113,N,1207,+28.7257089,-081.2196197,C2,G5200,Congressional District 7,12,0.13834705048546286,2.8686973804391322,0.21126
399,669229728,2196596,01,113,N,1701,+41.5450090,-087.8358234,C2,G5200,Congressional District 1,17,0.07245252655640363,2.759135874338608,0.1196
400,1830960127,49376516,08,113,N,4208,+40.3360801,-075.1511555,C2,G5200,Congressional District 8,42,0.19927492184050855,2.657187554877363,0.35466
401,1840139990,3787082,16,113,N,4816,+31.9108030,-106.3104239,C2,G5200,Congressional District 16,48,0.17571270876600611,2.020377155546694,0.54094
402,2675455889,62353919,22,113,N,4822,+29.5107390,-095.6773912,C2,G5200,Congressional District 22,48,0.25476783621699933,4.729075520429505,0.14315
403,429155783,5264949,09,113,N,4809,+29.6454702,-095.4942070,C2,G5200,Congressional District 9,48,0.04047517078701825,1.8302458026872734,0.15184
404,352114654,5012015,30,113,N,0630,+34.2018725,-118.5469560,C2,G5200,Congressional District 30,06,0.03493197943450818,1.5280858925292822,0.18799
405,4378561506,30962112,25,113,N,0625,+34.5880600,-118.2802687,C2,G5200,Congressional District 25,06,0.433261541656885,5.007195985235798,0.21716
406,2432341531,807090427,26,113,N,0626,+34.1670228,-119.1299548,C2,G5200,Congressional District 26,06,0.31674568530738245,4.664221953657952,0.18296
407,747495886,489617618,33,113,N,0633,+34.0469910,-118.7832510,C2,G5200,Congressional District 33,06,0.12070561636954591,2.852489688978675,0.18642
408,786979857,4896770,07,113,N,1807,+39.7468732,-086.1390065,C2,G5200,Congressional District 7,18,0.08321401106852147,1.4378371074120204,0.50581
409,484452903,10450235,29,113,N,4829,+29.6881608,-095.1998072,C2,G5200,Congressional District 29,48,0.04617212178346973,2.5808279582281504,0.08711
410,419801741,3141566,07,113,N,4807,+29.7241654,-095.5003071,C2,G5200,Congressional District 7,48,0.03946300244549373,1.924741253094902,0.13386
411,609245619,4509645,18,113,N,4818,+29.8185500,-095.2535750,C2,G5200,Congressional District 18,48,0.057320656041023925,2.9955809944613114,0.08027
412,799666927,54874851,02,113,N,4802,+30.0473686,-095.1782923,C2,G5200,Congressional District 2,48,0.07986811900140753,3.689641219428613,0.07373
413,238360311,1621911,29,113,N,0629,+34.2666953,-118.4303132,C2,G5200,Congressional District 29,06,0.02349099864697794,1.183235056333521,0.21085
414,123449128,784655,34,113,N,0634,+34.0746549,-118.2282686,C2,G5200,Congressional District 34,06,0.012133765503015592,0.7610407241379638,0.26326
415,321772810,5322336,32,113,N,0632,+34.0894576,-117.9139678,C2,G5200,Congressional District 32,06,0.03195253737449222,1.8124070669436125,0.12224
416,186562829,555918,43,113,N,0643,+33.9031099,-118.3363034,C2,G5200,Congressional District 43,06,0.01823959835997907,0.8707311096431845,0.30231
417,437439320,313475,35,113,N,0635,+34.0454006,-117.5883234,C2,G5200,Congressional District 35,06,0.042740953417497604,1.5832798178172494,0.21426
418,205536035,66884022,44,113,N,0644,+33.8187502,-118.2509834,C2,G5200,Congressional District 44,06,0.02652850545594998,1.1931335863595993,0.23418
419,565793514,2417794,28,113,N,0628,+34.2500576,-118.2914520,C2,G5200,Congressional District 28,06,0.055609627375561285,2.037334213664261,0.16836
420,1812793990,7568290,27,113,N,0627,+34.2650833,-117.9348875,C2,G5200,Congressional District 27,06,0.17821709691743357,3.163747557610001,0.22375
421,143131690,351785,37,113,N,0637,+34.0161234,-118.3687055,C2,G5200,Congressional District 37,06,0.014004444077001403,0.7465121842353358,0.31579
422,149406832,1743134,40,113,N,0640,+33.9698668,-118.1792067,C2,G5200,Congressional District 40,06,0.014744678747480117,0.9264337251846715,0.21588
423,686126096,5114562,05,113,N,1305,+33.7069846,-084.4011185,C2,G5200,Congressional District 5,13,0.06722781529648016,1.5272949466569796,0.36217
424,192014968,3473804,02,113,N,4202,+40.0151623,-075.2221966,C2,G5200,Congressional District 2,42,0.020622478678014235,0.8120473213697055,0.393
425,401915447,2647089,13,113,N,4213,+40.1240017,-075.1595354,C2,G5200,Congressional District 13,42,0.04274461572697861,2.7068641789984853,0.07331
426,2424054853,44755449,42,113,N,0642,+33.6750434,-117.2296974,C2,G5200,Congressional District 42,06,0.24003190050487067,5.227632362919668,0.11037
427,819846906,4267687,41,113,N,0641,+33.9180748,-117.2974203,C2,G5200,Congressional District 41,06,0.08034386107494473,2.360369120343591,0.18122
428,15313160743,201938198,36,113,N,0636,+33.7321303,-115.7373597,C2,G5200,Congressional District 36,06,1.5095988143928345,7.58083630743678,0.33009
429,564972810,6435649,31,113,N,0631,+34.1100101,-117.3533277,C2,G5200,Congressional District 31,06,0.05583144997148519,2.8919326448193328,0.08389
430,161925269,4788471,07,113,N,1707,+41.8633320,-087.7321218,C2,G5200,Congressional District 7,17,0.018078028050525448,1.7640692320877323,0.073
431,135858493,893860,04,113,N,1704,+41.8318687,-087.7100236,C2,G5200,Congressional District 4,17,0.014831046124977314,1.9237045847234875,0.05036
432,272856814,1533505,09,113,N,1709,+42.0526844,-087.8101853,C2,G5200,Congressional District 9,17,0.029841039458009616,1.7234750210301595,0.12624
433,1278223571,92425007,11,113,N,0611,+37.9038693,-122.0009326,C2,G5200,Congressional District 11,06,0.14041263389146466,2.832547103648137,0.21992
434,1251948971,54601431,09,113,N,4709,+35.1667619,-089.9775528,C2,G5200,Congressional District 9,47,0.129270155885004,2.941980891083547,0.18768
435,480868418,35466742,32,113,N,4832,+32.9203834,-096.6536360,C2,G5200,Congressional District 32,48,0.049774421061487474,2.241731109583519,0.12447
436,760127492,2295744,05,113,N,0405,+33.3394082,-111.7120184,C2,G5200,Congressional District 5,04,0.07384066429248626,1.3408594746936362,0.51611
437,531238883,1021257,07,113,N,0407,+33.4278191,-112.1187678,C2,G5200,Congressional District 7,04,0.051602190302495465,1.262484621685795,0.40684
438,426702437,3529539,09,113,N,0409,+33.4060068,-111.9499956,C2,G5200,Congressional District 9,04,0.04170022587199318,1.869100083865462,0.15
439,1619240143,10576374,06,113,N,0406,+33.6655180,-111.8885887,C2,G5200,Congressional District 6,04,0.15843891379997427,2.4996692174937456,0.31864
440,1397551063,4088398,08,113,N,0408,+33.6955808,-112.2995738,C2,G5200,Congressional District 8,04,0.1362961669755428,2.9055905296204423,0.20287
441,1245509639,97796244,03,113,N,4803,+33.1594719,-096.6132709,C2,G5200,Congressional District 3,48,0.12983680215202226,2.1039655484608337,0.36858
442,922800377,33054518,30,113,N,4830,+32.6587671,-096.7994068,C2,G5200,Congressional District 30,48,0.09187584488247369,2.5691661523092204,0.17491
443,1683515582,3359855457,01,113,N,3601,+40.9838845,-072.5495221,C2,G5200,Congressional District 1,36,0.5396174712299826,4.123164459287738,0.39887
